{"count":1,"gauges":{},"self":2624.9900032,"total":7798.4669891999993,"children":{"AgentResetIfDone":{"count":3953151,"self":40.8358176,"total":40.8358166,"children":null},"AgentSendState":{"count":3953151,"self":142.3406464,"total":208.7754891,"children":{"CollectObservations":{"count":7906304,"self":66.4348416,"total":66.4348392,"children":null}}},"DecideAction":{"count":3953151,"self":4513.9804159999994,"total":4788.4425086,"children":{"AgentInfo.ToProto":{"count":988288,"self":147.02007039999998,"total":274.4621987,"children":{"RayPerceptionSensor.Perceive":{"count":7906304,"self":127.44212479999999,"total":127.4421247,"children":null}}}}},"AcademyStep":{"count":3953151,"self":24.7596544,"total":24.759654599999998,"children":null},"AgentAct":{"count":3953151,"self":110.6625024,"total":110.6624994,"children":null}}}