{"cameraMode":{"drawMode":0,"name":"Shaded","section":"Shading Mode"},"sceneLighting":true,"audioPlay":false,"sceneViewState":{"showFog":true,"showMaterialUpdate":false,"showSkybox":true,"showFlares":true,"showImageEffects":true,"showParticleSystems":true},"in2DMode":false,"pivot":{"x":-7.0208892822265629,"y":10.772994995117188,"z":4.652339935302734},"rotation":{"x":-0.365400493144989,"y":-0.13556577265262605,"z":0.05388202518224716,"w":-0.9193528890609741},"size":68.93294525146485,"orthographic":false}